{
  "name": "Steps",
  "form": "cd50149a-5c3f-4b89-8dc4-c4cf56169693",
  "blocks": [
    {
      "id": "1c02b849-07a0-4686-9ec9-c111aab4bb38",
      "label": "Mattermost - Beautify Posts",
      "environment": "HOSTED",
      "presentation": "{\"w\":60,\"x\":440,\"h\":60,\"y\":920}",
      "step": "8545cc2a-8e9a-425e-b1b6-a233d05f98ee",
      "stepType": "SCRIPT_STEP",
      "inputMappings": [
        {
          "inputPort": "input",
          "mapping": "${constants.Mattermost Personal API Token}",
          "stepInput": "b60833c1-11a2-4649-99d5-28c148d58c23"
        },
        {
          "inputPort": "input",
          "mapping": "${0bfa0299-c370-472c-ab15-9f26ecd5c37f.messages}",
          "stepInput": "038a8b8d-ecf2-4fff-bacf-5ad9e6ac2634"
        },
        {
          "inputPort": "input",
          "mapping": "${0bfa0299-c370-472c-ab15-9f26ecd5c37f.replies}",
          "stepInput": "70493035-dab7-4a30-8df3-17d23c1efcad"
        },
        {
          "inputPort": "input",
          "mapping": "America/New_York",
          "stepInput": "463facca-8ed2-475c-8d89-d8203b008848"
        },
        {
          "inputPort": "input",
          "mapping": "${0bfa0299-c370-472c-ab15-9f26ecd5c37f.error}",
          "stepInput": "86449501-70b9-475d-89ff-3cdc59e05ba6"
        }
      ]
    },
    {
      "id": "f5ad13ca-df5e-4940-a2ef-014b8a7b1b8d",
      "label": "Mattermost - Create Channel",
      "environment": "HOSTED",
      "presentation": "{\"w\":60,\"x\":220,\"h\":60,\"y\":40}",
      "step": "51e70501-4b07-462b-b9c1-766db48f3cfc",
      "stepType": "SCRIPT_STEP",
      "inputMappings": [
        {
          "inputPort": "input",
          "mapping": "${constants.Mattermost Personal API Token}",
          "stepInput": "1adb0e37-7e90-4f8d-8eb4-e76f6fac0d39"
        },
        {
          "inputPort": "input",
          "mapping": "Public",
          "stepInput": "0542903f-ab46-4b47-8811-e6393ddd0460"
        }
      ]
    },
    {
      "id": "b56b7761-f794-43a1-ad48-559907c9ac5f",
      "label": "Mattermost - Delete Channel",
      "environment": "HOSTED",
      "presentation": "{\"w\":60,\"x\":220,\"h\":60,\"y\":260}",
      "step": "f8885e4b-b579-4553-956d-0cf2c1f6d2ce",
      "stepType": "SCRIPT_STEP",
      "inputMappings": [
        {
          "inputPort": "input",
          "mapping": "${constants.Mattermost Personal API Token}",
          "stepInput": "258bd4fa-d477-485e-9901-e7198a2d728a"
        }
      ]
    },
    {
      "id": "0bfa0299-c370-472c-ab15-9f26ecd5c37f",
      "label": "Mattermost - Get Channel Posts",
      "environment": "HOSTED",
      "presentation": "{\"w\":60,\"x\":220,\"h\":60,\"y\":920}",
      "step": "3280a7f1-35ee-4d24-884a-604cf086f647",
      "stepType": "SCRIPT_STEP",
      "inputMappings": [
        {
          "inputPort": "input",
          "mapping": "${constants.Mattermost Personal API Token}",
          "stepInput": "29c6915c-82b4-4987-b634-28f981f75ea4"
        },
        {
          "inputPort": "input",
          "mapping": "100",
          "stepInput": "22e66721-448d-4614-a22f-a9c8d6f2c77f"
        }
      ]
    },
    {
      "id": "ce5a237c-73b2-40f6-85f5-6f40862fc36e",
      "label": "Mattermost - Invite to Channel",
      "environment": "HOSTED",
      "presentation": "{\"w\":60,\"x\":220,\"h\":60,\"y\":700}",
      "step": "a39a682b-ad65-4365-bff3-29244409938a",
      "stepType": "SCRIPT_STEP",
      "inputMappings": [
        {
          "inputPort": "input",
          "mapping": "${constants.Mattermost Personal API Token}",
          "stepInput": "97e972da-264e-4bac-8641-e6daa732e9e0"
        }
      ]
    },
    {
      "id": "ac9d000f-ce39-4793-a592-8027646445e8",
      "label": "Mattermost - Post to Channel",
      "environment": "HOSTED",
      "presentation": "{\"w\":60,\"x\":220,\"h\":60,\"y\":480}",
      "step": "0f48281c-1be1-42de-ad44-a375d9d172d0",
      "stepType": "SCRIPT_STEP",
      "inputMappings": [
        {
          "inputPort": "input",
          "mapping": "${constants.Mattermost Personal API Token}",
          "stepInput": "2d430e79-90f1-4350-b07d-c823a62203d2"
        }
      ]
    }
  ],
  "edges": [
    {
      "fromBlock": "0bfa0299-c370-472c-ab15-9f26ecd5c37f",
      "fromPort": "output",
      "toBlock": "1c02b849-07a0-4686-9ec9-c111aab4bb38",
      "toPort": "input"
    }
  ]
}